Bulk_Sample,Predicted_Label,Confidence,P_value,Nearest_Neighbors,Neighbor_Labels,Neighbor_Distances
JW18DOX221117-1,CC,0.5714285714285714,0.49949999999999994,"['GCCGGAAAGGCA-C-120-2-0', 'CGGGATATCTAC-C-120-2-0', 'GCTTATGGTTCG-PI48CIRC-1-4', 'CCTCCGGAATGT-PI24CIRC-1-4', 'CGAGCTTGCAAC-C-120-2-0', 'TGTTAGGTTGGC-PI48CIRC-1-4', 'CACCCGGTTGGT-PI48CIRC-2-4', 'CTTCGACTTTCG-PI24CIRC-1-2', 'CAGTGTCAGATA-PI48CIRC-1-4', 'ATTACCGTGACA-PI48CIRC-3-0', 'ATAACCAAACAA-PI48CIRC-1-4', 'TGATGCTCAACA-PI48CIRC-3-1', 'TAACTACGCCGG-PI48CIRC-2-4', 'CCTCAACCGTGT-PI48CIRC-1-4', 'AACGGTCATCGT-PI48CIRC-3-1', 'ACGATCGAGGAT-PI48CIRC-3-4', 'TAGCTTCGCTGT-PI48CIRC-2-0', 'TGCGAGACGCCT-PI48CIRC-3-4', 'TTGCAGCAAGAG-PI48CIRC-2-1', 'TGTGTGCTTGGT-PI48CIRC-2-4', 'ACACGCCCCAAT-PI48CIRC-3-4']","['PH', 'PH', 'CC', 'CC', 'PH', 'CC', 'CC', 'GST-rich', 'CC', 'PH', 'CC', 'LM', 'CC', 'CC', 'LM', 'CC', 'PH', 'CC', 'LM', 'CC', 'CC']","[np.float64(498.6836694891716), np.float64(516.7693416755131), np.float64(580.3545887372693), np.float64(584.7369811137877), np.float64(600.3362249471395), np.float64(603.3106208634156), np.float64(609.0579627323921), np.float64(621.7962638422913), np.float64(623.8972230006946), np.float64(625.2277894884846), np.float64(646.4568590155243), np.float64(655.1786551451897), np.float64(677.8204463253591), np.float64(692.4434818315042), np.float64(693.199138215552), np.float64(697.038611294732), np.float64(726.5193951348351), np.float64(743.2558881597228), np.float64(743.9468048439154), np.float64(748.6576826139678), np.float64(754.1232908032955)]"
JW18DOX221117-2,CC,0.5714285714285714,0.49949999999999994,"['GCCGGAAAGGCA-C-120-2-0', 'CGGGATATCTAC-C-120-2-0', 'GCTTATGGTTCG-PI48CIRC-1-4', 'CCTCCGGAATGT-PI24CIRC-1-4', 'CGAGCTTGCAAC-C-120-2-0', 'TGTTAGGTTGGC-PI48CIRC-1-4', 'CACCCGGTTGGT-PI48CIRC-2-4', 'CTTCGACTTTCG-PI24CIRC-1-2', 'CAGTGTCAGATA-PI48CIRC-1-4', 'ATTACCGTGACA-PI48CIRC-3-0', 'ATAACCAAACAA-PI48CIRC-1-4', 'TGATGCTCAACA-PI48CIRC-3-1', 'TAACTACGCCGG-PI48CIRC-2-4', 'CCTCAACCGTGT-PI48CIRC-1-4', 'AACGGTCATCGT-PI48CIRC-3-1', 'ACGATCGAGGAT-PI48CIRC-3-4', 'TAGCTTCGCTGT-PI48CIRC-2-0', 'TGCGAGACGCCT-PI48CIRC-3-4', 'TTGCAGCAAGAG-PI48CIRC-2-1', 'TGTGTGCTTGGT-PI48CIRC-2-4', 'ACACGCCCCAAT-PI48CIRC-3-4']","['PH', 'PH', 'CC', 'CC', 'PH', 'CC', 'CC', 'GST-rich', 'CC', 'PH', 'CC', 'LM', 'CC', 'CC', 'LM', 'CC', 'PH', 'CC', 'LM', 'CC', 'CC']","[np.float64(498.6795882799695), np.float64(516.7730871207309), np.float64(580.3118473334935), np.float64(584.7279009103875), np.float64(600.3317370629929), np.float64(603.2501880203826), np.float64(608.9933147209186), np.float64(621.7827471285647), np.float64(623.8391588409909), np.float64(625.1788645416677), np.float64(646.4110645905777), np.float64(655.1654807267447), np.float64(677.774676757884), np.float64(692.3923391308781), np.float64(693.1434683906568), np.float64(697.0123944383786), np.float64(726.4506409304827), np.float64(743.2369176258128), np.float64(743.9286158770377), np.float64(748.6226202264754), np.float64(754.0764253632191)]"
JW18DOX221117-3,CC,0.5714285714285714,0.49949999999999994,"['GCCGGAAAGGCA-C-120-2-0', 'CGGGATATCTAC-C-120-2-0', 'GCTTATGGTTCG-PI48CIRC-1-4', 'CCTCCGGAATGT-PI24CIRC-1-4', 'CGAGCTTGCAAC-C-120-2-0', 'TGTTAGGTTGGC-PI48CIRC-1-4', 'CACCCGGTTGGT-PI48CIRC-2-4', 'CTTCGACTTTCG-PI24CIRC-1-2', 'CAGTGTCAGATA-PI48CIRC-1-4', 'ATTACCGTGACA-PI48CIRC-3-0', 'ATAACCAAACAA-PI48CIRC-1-4', 'TGATGCTCAACA-PI48CIRC-3-1', 'TAACTACGCCGG-PI48CIRC-2-4', 'CCTCAACCGTGT-PI48CIRC-1-4', 'AACGGTCATCGT-PI48CIRC-3-1', 'ACGATCGAGGAT-PI48CIRC-3-4', 'TAGCTTCGCTGT-PI48CIRC-2-0', 'TGCGAGACGCCT-PI48CIRC-3-4', 'TTGCAGCAAGAG-PI48CIRC-2-1', 'TGTGTGCTTGGT-PI48CIRC-2-4', 'ACACGCCCCAAT-PI48CIRC-3-4']","['PH', 'PH', 'CC', 'CC', 'PH', 'CC', 'CC', 'GST-rich', 'CC', 'PH', 'CC', 'LM', 'CC', 'CC', 'LM', 'CC', 'PH', 'CC', 'LM', 'CC', 'CC']","[np.float64(498.69288161266354), np.float64(516.7902939342431), np.float64(580.3201279844478), np.float64(584.6869317636998), np.float64(600.3333835407996), np.float64(603.2492510357897), np.float64(608.9841040732138), np.float64(621.7423487840008), np.float64(623.8318661763326), np.float64(625.1617594466982), np.float64(646.393672808224), np.float64(655.1129966617384), np.float64(677.733540863158), np.float64(692.3702178806514), np.float64(693.1137675549052), np.float64(696.9825488360985), np.float64(726.4413810342812), np.float64(743.2005285636089), np.float64(743.9019215850743), np.float64(748.6094900831861), np.float64(754.0511549050979)]"
JW18DOX221117-4,CC,0.5714285714285714,0.49949999999999994,"['GCCGGAAAGGCA-C-120-2-0', 'CGGGATATCTAC-C-120-2-0', 'GCTTATGGTTCG-PI48CIRC-1-4', 'CCTCCGGAATGT-PI24CIRC-1-4', 'CGAGCTTGCAAC-C-120-2-0', 'TGTTAGGTTGGC-PI48CIRC-1-4', 'CACCCGGTTGGT-PI48CIRC-2-4', 'CTTCGACTTTCG-PI24CIRC-1-2', 'CAGTGTCAGATA-PI48CIRC-1-4', 'ATTACCGTGACA-PI48CIRC-3-0', 'ATAACCAAACAA-PI48CIRC-1-4', 'TGATGCTCAACA-PI48CIRC-3-1', 'TAACTACGCCGG-PI48CIRC-2-4', 'CCTCAACCGTGT-PI48CIRC-1-4', 'AACGGTCATCGT-PI48CIRC-3-1', 'ACGATCGAGGAT-PI48CIRC-3-4', 'TAGCTTCGCTGT-PI48CIRC-2-0', 'TGCGAGACGCCT-PI48CIRC-3-4', 'TTGCAGCAAGAG-PI48CIRC-2-1', 'TGTGTGCTTGGT-PI48CIRC-2-4', 'ACACGCCCCAAT-PI48CIRC-3-4']","['PH', 'PH', 'CC', 'CC', 'PH', 'CC', 'CC', 'GST-rich', 'CC', 'PH', 'CC', 'LM', 'CC', 'CC', 'LM', 'CC', 'PH', 'CC', 'LM', 'CC', 'CC']","[np.float64(498.6928798102402), np.float64(516.7671373239066), np.float64(580.2641650452101), np.float64(584.6500668909399), np.float64(600.3315235963584), np.float64(603.192195125972), np.float64(608.9410510858149), np.float64(621.7037834906338), np.float64(623.7745649262378), np.float64(625.1221900313465), np.float64(646.3695944426048), np.float64(655.1129405838093), np.float64(677.7077481476281), np.float64(692.3280232749619), np.float64(693.0783374777387), np.float64(696.9250520762533), np.float64(726.3895350955661), np.float64(743.1745418071046), np.float64(743.876524961201), np.float64(748.5770734395397), np.float64(753.9920084980786)]"
JW18DOX221117-5,CC,0.5714285714285714,0.49949999999999994,"['GCCGGAAAGGCA-C-120-2-0', 'CGGGATATCTAC-C-120-2-0', 'GCTTATGGTTCG-PI48CIRC-1-4', 'CCTCCGGAATGT-PI24CIRC-1-4', 'CGAGCTTGCAAC-C-120-2-0', 'TGTTAGGTTGGC-PI48CIRC-1-4', 'CACCCGGTTGGT-PI48CIRC-2-4', 'CTTCGACTTTCG-PI24CIRC-1-2', 'CAGTGTCAGATA-PI48CIRC-1-4', 'ATTACCGTGACA-PI48CIRC-3-0', 'ATAACCAAACAA-PI48CIRC-1-4', 'TGATGCTCAACA-PI48CIRC-3-1', 'TAACTACGCCGG-PI48CIRC-2-4', 'CCTCAACCGTGT-PI48CIRC-1-4', 'AACGGTCATCGT-PI48CIRC-3-1', 'ACGATCGAGGAT-PI48CIRC-3-4', 'TAGCTTCGCTGT-PI48CIRC-2-0', 'TGCGAGACGCCT-PI48CIRC-3-4', 'TTGCAGCAAGAG-PI48CIRC-2-1', 'TGTGTGCTTGGT-PI48CIRC-2-4', 'ACACGCCCCAAT-PI48CIRC-3-4']","['PH', 'PH', 'CC', 'CC', 'PH', 'CC', 'CC', 'GST-rich', 'CC', 'PH', 'CC', 'LM', 'CC', 'CC', 'LM', 'CC', 'PH', 'CC', 'LM', 'CC', 'CC']","[np.float64(498.7004951355165), np.float64(516.7857971805839), np.float64(580.2946669041808), np.float64(584.7266634205548), np.float64(600.3376949446728), np.float64(603.2512755551963), np.float64(608.969365103748), np.float64(621.7666620610236), np.float64(623.8322674412026), np.float64(625.1296192425743), np.float64(646.3928441501536), np.float64(655.1545713152865), np.float64(677.7676579677153), np.float64(692.3869604297669), np.float64(693.1194917499066), np.float64(696.9829322932887), np.float64(726.4424600703076), np.float64(743.2250855471666), np.float64(743.9372480584361), np.float64(748.6005296121778), np.float64(754.0329708071939)]"
JW18DOX221117-6,CC,0.5714285714285714,0.49949999999999994,"['GCCGGAAAGGCA-C-120-2-0', 'CGGGATATCTAC-C-120-2-0', 'GCTTATGGTTCG-PI48CIRC-1-4', 'CCTCCGGAATGT-PI24CIRC-1-4', 'CGAGCTTGCAAC-C-120-2-0', 'TGTTAGGTTGGC-PI48CIRC-1-4', 'CACCCGGTTGGT-PI48CIRC-2-4', 'CTTCGACTTTCG-PI24CIRC-1-2', 'CAGTGTCAGATA-PI48CIRC-1-4', 'ATTACCGTGACA-PI48CIRC-3-0', 'ATAACCAAACAA-PI48CIRC-1-4', 'TGATGCTCAACA-PI48CIRC-3-1', 'TAACTACGCCGG-PI48CIRC-2-4', 'CCTCAACCGTGT-PI48CIRC-1-4', 'AACGGTCATCGT-PI48CIRC-3-1', 'ACGATCGAGGAT-PI48CIRC-3-4', 'TAGCTTCGCTGT-PI48CIRC-2-0', 'TGCGAGACGCCT-PI48CIRC-3-4', 'TTGCAGCAAGAG-PI48CIRC-2-1', 'TGTGTGCTTGGT-PI48CIRC-2-4', 'ACACGCCCCAAT-PI48CIRC-3-4']","['PH', 'PH', 'CC', 'CC', 'PH', 'CC', 'CC', 'GST-rich', 'CC', 'PH', 'CC', 'LM', 'CC', 'CC', 'LM', 'CC', 'PH', 'CC', 'LM', 'CC', 'CC']","[np.float64(498.68892369298266), np.float64(516.7904996773972), np.float64(580.2560826071334), np.float64(584.6962729608218), np.float64(600.3450120990908), np.float64(603.2251675639833), np.float64(609.0261765620071), np.float64(621.8398902797873), np.float64(623.8720404119314), np.float64(625.1980539920609), np.float64(646.4353484639429), np.float64(655.1985626824709), np.float64(677.8378755018889), np.float64(692.4392586162253), np.float64(693.205782388927), np.float64(697.030058041423), np.float64(726.4534026163816), np.float64(743.2131998696296), np.float64(743.9281391773625), np.float64(748.6681516677664), np.float64(754.079832166385)]"
JW18wMel221117-1,CC,0.5714285714285714,0.49949999999999994,"['GCCGGAAAGGCA-C-120-2-0', 'CGGGATATCTAC-C-120-2-0', 'GCTTATGGTTCG-PI48CIRC-1-4', 'CCTCCGGAATGT-PI24CIRC-1-4', 'CGAGCTTGCAAC-C-120-2-0', 'TGTTAGGTTGGC-PI48CIRC-1-4', 'CACCCGGTTGGT-PI48CIRC-2-4', 'CTTCGACTTTCG-PI24CIRC-1-2', 'CAGTGTCAGATA-PI48CIRC-1-4', 'ATTACCGTGACA-PI48CIRC-3-0', 'ATAACCAAACAA-PI48CIRC-1-4', 'TGATGCTCAACA-PI48CIRC-3-1', 'TAACTACGCCGG-PI48CIRC-2-4', 'CCTCAACCGTGT-PI48CIRC-1-4', 'AACGGTCATCGT-PI48CIRC-3-1', 'ACGATCGAGGAT-PI48CIRC-3-4', 'TAGCTTCGCTGT-PI48CIRC-2-0', 'TGCGAGACGCCT-PI48CIRC-3-4', 'TTGCAGCAAGAG-PI48CIRC-2-1', 'TGTGTGCTTGGT-PI48CIRC-2-4', 'ACACGCCCCAAT-PI48CIRC-3-4']","['PH', 'PH', 'CC', 'CC', 'PH', 'CC', 'CC', 'GST-rich', 'CC', 'PH', 'CC', 'LM', 'CC', 'CC', 'LM', 'CC', 'PH', 'CC', 'LM', 'CC', 'CC']","[np.float64(497.99325640781734), np.float64(517.3487013033191), np.float64(579.9322031078887), np.float64(584.1658247185815), np.float64(600.0679276512476), np.float64(602.7192189836165), np.float64(608.6251708940262), np.float64(621.5610231936175), np.float64(623.5943196194396), np.float64(624.6859911778007), np.float64(645.9775800411599), np.float64(654.6718867985671), np.float64(677.5086246734868), np.float64(692.4503414395699), np.float64(692.8435618300101), np.float64(696.692244886617), np.float64(725.8791777661136), np.float64(742.9393268989695), np.float64(743.5615845713116), np.float64(748.094923269593), np.float64(753.8493942185236)]"
JW18wMel221117-2,CC,0.5714285714285714,0.49949999999999994,"['GCCGGAAAGGCA-C-120-2-0', 'CGGGATATCTAC-C-120-2-0', 'GCTTATGGTTCG-PI48CIRC-1-4', 'CCTCCGGAATGT-PI24CIRC-1-4', 'CGAGCTTGCAAC-C-120-2-0', 'TGTTAGGTTGGC-PI48CIRC-1-4', 'CACCCGGTTGGT-PI48CIRC-2-4', 'CTTCGACTTTCG-PI24CIRC-1-2', 'CAGTGTCAGATA-PI48CIRC-1-4', 'ATTACCGTGACA-PI48CIRC-3-0', 'ATAACCAAACAA-PI48CIRC-1-4', 'TGATGCTCAACA-PI48CIRC-3-1', 'TAACTACGCCGG-PI48CIRC-2-4', 'CCTCAACCGTGT-PI48CIRC-1-4', 'AACGGTCATCGT-PI48CIRC-3-1', 'ACGATCGAGGAT-PI48CIRC-3-4', 'TAGCTTCGCTGT-PI48CIRC-2-0', 'TGCGAGACGCCT-PI48CIRC-3-4', 'TTGCAGCAAGAG-PI48CIRC-2-1', 'TGTGTGCTTGGT-PI48CIRC-2-4', 'ACACGCCCCAAT-PI48CIRC-3-4']","['PH', 'PH', 'CC', 'CC', 'PH', 'CC', 'CC', 'GST-rich', 'CC', 'PH', 'CC', 'LM', 'CC', 'CC', 'LM', 'CC', 'PH', 'CC', 'LM', 'CC', 'CC']","[np.float64(498.03357574862093), np.float64(517.3377084980377), np.float64(580.0315446372649), np.float64(584.2493489638094), np.float64(600.115893204061), np.float64(602.8042143502186), np.float64(608.7356649733345), np.float64(621.652103332745), np.float64(623.6823844317945), np.float64(624.7771964795329), np.float64(646.0295092490859), np.float64(654.7445756363834), np.float64(677.5507341241238), np.float64(692.5486589310984), np.float64(692.9238758064898), np.float64(696.7580214425102), np.float64(725.9478257607689), np.float64(742.99581643337), np.float64(743.5990128286337), np.float64(748.1737423225363), np.float64(753.9453344840953)]"
JW18wMel221117-3,CC,0.5714285714285714,0.49949999999999994,"['GCCGGAAAGGCA-C-120-2-0', 'CGGGATATCTAC-C-120-2-0', 'GCTTATGGTTCG-PI48CIRC-1-4', 'CCTCCGGAATGT-PI24CIRC-1-4', 'CGAGCTTGCAAC-C-120-2-0', 'TGTTAGGTTGGC-PI48CIRC-1-4', 'CACCCGGTTGGT-PI48CIRC-2-4', 'CTTCGACTTTCG-PI24CIRC-1-2', 'CAGTGTCAGATA-PI48CIRC-1-4', 'ATTACCGTGACA-PI48CIRC-3-0', 'ATAACCAAACAA-PI48CIRC-1-4', 'TGATGCTCAACA-PI48CIRC-3-1', 'TAACTACGCCGG-PI48CIRC-2-4', 'CCTCAACCGTGT-PI48CIRC-1-4', 'AACGGTCATCGT-PI48CIRC-3-1', 'ACGATCGAGGAT-PI48CIRC-3-4', 'TAGCTTCGCTGT-PI48CIRC-2-0', 'TGCGAGACGCCT-PI48CIRC-3-4', 'TTGCAGCAAGAG-PI48CIRC-2-1', 'TGTGTGCTTGGT-PI48CIRC-2-4', 'ACACGCCCCAAT-PI48CIRC-3-4']","['PH', 'PH', 'CC', 'CC', 'PH', 'CC', 'CC', 'GST-rich', 'CC', 'PH', 'CC', 'LM', 'CC', 'CC', 'LM', 'CC', 'PH', 'CC', 'LM', 'CC', 'CC']","[np.float64(497.979553531863), np.float64(517.3437205741789), np.float64(579.916615778453), np.float64(584.0990051191476), np.float64(600.0621776785708), np.float64(602.7224766498186), np.float64(608.6586837117611), np.float64(621.5466908521328), np.float64(623.5566680271357), np.float64(624.713410841391), np.float64(645.9640673293346), np.float64(654.6817109559828), np.float64(677.4863437492019), np.float64(692.4226900738032), np.float64(692.8429210787361), np.float64(696.6207539574347), np.float64(725.8856317516747), np.float64(742.8850383370764), np.float64(743.5328128646943), np.float64(748.0719726354154), np.float64(753.8293795663606)]"
JW18wMel221117-4,CC,0.5714285714285714,0.49949999999999994,"['GCCGGAAAGGCA-C-120-2-0', 'CGGGATATCTAC-C-120-2-0', 'GCTTATGGTTCG-PI48CIRC-1-4', 'CCTCCGGAATGT-PI24CIRC-1-4', 'CGAGCTTGCAAC-C-120-2-0', 'TGTTAGGTTGGC-PI48CIRC-1-4', 'CACCCGGTTGGT-PI48CIRC-2-4', 'CTTCGACTTTCG-PI24CIRC-1-2', 'CAGTGTCAGATA-PI48CIRC-1-4', 'ATTACCGTGACA-PI48CIRC-3-0', 'ATAACCAAACAA-PI48CIRC-1-4', 'TGATGCTCAACA-PI48CIRC-3-1', 'TAACTACGCCGG-PI48CIRC-2-4', 'CCTCAACCGTGT-PI48CIRC-1-4', 'AACGGTCATCGT-PI48CIRC-3-1', 'ACGATCGAGGAT-PI48CIRC-3-4', 'TAGCTTCGCTGT-PI48CIRC-2-0', 'TGCGAGACGCCT-PI48CIRC-3-4', 'TTGCAGCAAGAG-PI48CIRC-2-1', 'TGTGTGCTTGGT-PI48CIRC-2-4', 'ACACGCCCCAAT-PI48CIRC-3-4']","['PH', 'PH', 'CC', 'CC', 'PH', 'CC', 'CC', 'GST-rich', 'CC', 'PH', 'CC', 'LM', 'CC', 'CC', 'LM', 'CC', 'PH', 'CC', 'LM', 'CC', 'CC']","[np.float64(497.98331245704804), np.float64(517.3096243528566), np.float64(580.0023561800317), np.float64(584.1953605041762), np.float64(600.0813169228747), np.float64(602.7961761795142), np.float64(608.6878217505478), np.float64(621.6322223663079), np.float64(623.6553705689853), np.float64(624.7743269917494), np.float64(646.0367708624282), np.float64(654.7319397156058), np.float64(677.5506073459409), np.float64(692.5268404611751), np.float64(692.9044427355008), np.float64(696.7323666654036), np.float64(725.9229841477277), np.float64(742.9858027645053), np.float64(743.6096701577254), np.float64(748.1571967422351), np.float64(753.9166738691151)]"
JW18wMel221117-5,CC,0.5714285714285714,0.49949999999999994,"['GCCGGAAAGGCA-C-120-2-0', 'CGGGATATCTAC-C-120-2-0', 'GCTTATGGTTCG-PI48CIRC-1-4', 'CCTCCGGAATGT-PI24CIRC-1-4', 'CGAGCTTGCAAC-C-120-2-0', 'TGTTAGGTTGGC-PI48CIRC-1-4', 'CACCCGGTTGGT-PI48CIRC-2-4', 'CTTCGACTTTCG-PI24CIRC-1-2', 'CAGTGTCAGATA-PI48CIRC-1-4', 'ATTACCGTGACA-PI48CIRC-3-0', 'ATAACCAAACAA-PI48CIRC-1-4', 'TGATGCTCAACA-PI48CIRC-3-1', 'TAACTACGCCGG-PI48CIRC-2-4', 'CCTCAACCGTGT-PI48CIRC-1-4', 'AACGGTCATCGT-PI48CIRC-3-1', 'ACGATCGAGGAT-PI48CIRC-3-4', 'TAGCTTCGCTGT-PI48CIRC-2-0', 'TGCGAGACGCCT-PI48CIRC-3-4', 'TTGCAGCAAGAG-PI48CIRC-2-1', 'TGTGTGCTTGGT-PI48CIRC-2-4', 'ACACGCCCCAAT-PI48CIRC-3-4']","['PH', 'PH', 'CC', 'CC', 'PH', 'CC', 'CC', 'GST-rich', 'CC', 'PH', 'CC', 'LM', 'CC', 'CC', 'LM', 'CC', 'PH', 'CC', 'LM', 'CC', 'CC']","[np.float64(497.9942163236352), np.float64(517.3518383122291), np.float64(580.0232486466311), np.float64(584.1779575871975), np.float64(600.0694092776733), np.float64(602.803436601106), np.float64(608.757491844586), np.float64(621.6335367067215), np.float64(623.674445666207), np.float64(624.7992367356178), np.float64(646.0268195327933), np.float64(654.7398267147132), np.float64(677.5654296468593), np.float64(692.5210666694518), np.float64(692.9289177088627), np.float64(696.7203887936997), np.float64(725.9645474677452), np.float64(742.9773987544982), np.float64(743.5909850498483), np.float64(748.1651538190295), np.float64(753.9152016446418)]"
JW18wMel221117-6,CC,0.5714285714285714,0.49949999999999994,"['GCCGGAAAGGCA-C-120-2-0', 'CGGGATATCTAC-C-120-2-0', 'GCTTATGGTTCG-PI48CIRC-1-4', 'CCTCCGGAATGT-PI24CIRC-1-4', 'CGAGCTTGCAAC-C-120-2-0', 'TGTTAGGTTGGC-PI48CIRC-1-4', 'CACCCGGTTGGT-PI48CIRC-2-4', 'CTTCGACTTTCG-PI24CIRC-1-2', 'CAGTGTCAGATA-PI48CIRC-1-4', 'ATTACCGTGACA-PI48CIRC-3-0', 'ATAACCAAACAA-PI48CIRC-1-4', 'TGATGCTCAACA-PI48CIRC-3-1', 'TAACTACGCCGG-PI48CIRC-2-4', 'CCTCAACCGTGT-PI48CIRC-1-4', 'AACGGTCATCGT-PI48CIRC-3-1', 'ACGATCGAGGAT-PI48CIRC-3-4', 'TAGCTTCGCTGT-PI48CIRC-2-0', 'TGCGAGACGCCT-PI48CIRC-3-4', 'TTGCAGCAAGAG-PI48CIRC-2-1', 'TGTGTGCTTGGT-PI48CIRC-2-4', 'ACACGCCCCAAT-PI48CIRC-3-4']","['PH', 'PH', 'CC', 'CC', 'PH', 'CC', 'CC', 'GST-rich', 'CC', 'PH', 'CC', 'LM', 'CC', 'CC', 'LM', 'CC', 'PH', 'CC', 'LM', 'CC', 'CC']","[np.float64(498.0023437821728), np.float64(517.3335603650362), np.float64(579.983686596791), np.float64(584.1738982381943), np.float64(600.077564564736), np.float64(602.7687098471297), np.float64(608.7065154848931), np.float64(621.6112012969262), np.float64(623.6528526531437), np.float64(624.7455735943632), np.float64(646.027845463319), np.float64(654.7285174377382), np.float64(677.5607967010931), np.float64(692.4983763561562), np.float64(692.8775079220046), np.float64(696.6783034279135), np.float64(725.9176895629508), np.float64(742.9435472107695), np.float64(743.5793790604413), np.float64(748.1503450668166), np.float64(753.8761872955489)]"
S2DOX221117-1,CC,0.5714285714285714,0.49949999999999994,"['GCCGGAAAGGCA-C-120-2-0', 'CGGGATATCTAC-C-120-2-0', 'GCTTATGGTTCG-PI48CIRC-1-4', 'CCTCCGGAATGT-PI24CIRC-1-4', 'CGAGCTTGCAAC-C-120-2-0', 'TGTTAGGTTGGC-PI48CIRC-1-4', 'CACCCGGTTGGT-PI48CIRC-2-4', 'CTTCGACTTTCG-PI24CIRC-1-2', 'CAGTGTCAGATA-PI48CIRC-1-4', 'ATTACCGTGACA-PI48CIRC-3-0', 'ATAACCAAACAA-PI48CIRC-1-4', 'TGATGCTCAACA-PI48CIRC-3-1', 'TAACTACGCCGG-PI48CIRC-2-4', 'CCTCAACCGTGT-PI48CIRC-1-4', 'AACGGTCATCGT-PI48CIRC-3-1', 'ACGATCGAGGAT-PI48CIRC-3-4', 'TAGCTTCGCTGT-PI48CIRC-2-0', 'TGCGAGACGCCT-PI48CIRC-3-4', 'TTGCAGCAAGAG-PI48CIRC-2-1', 'TGTGTGCTTGGT-PI48CIRC-2-4', 'ACACGCCCCAAT-PI48CIRC-3-4']","['PH', 'PH', 'CC', 'CC', 'PH', 'CC', 'CC', 'GST-rich', 'CC', 'PH', 'CC', 'LM', 'CC', 'CC', 'LM', 'CC', 'PH', 'CC', 'LM', 'CC', 'CC']","[np.float64(496.42558412200094), np.float64(517.3457709930374), np.float64(579.297607747518), np.float64(585.1811843522955), np.float64(600.6208271949885), np.float64(601.9485873513158), np.float64(608.1735889999627), np.float64(622.8864813230718), np.float64(622.9427989733775), np.float64(624.438483915167), np.float64(645.3332115603469), np.float64(654.2608732851738), np.float64(677.2709980526181), np.float64(692.2831707859473), np.float64(692.4633920503567), np.float64(696.5787260163685), np.float64(725.1168270854945), np.float64(742.5734043144945), np.float64(743.2416517036618), np.float64(747.6702404528611), np.float64(753.8549249110215)]"
S2DOX221117-2,CC,0.5714285714285714,0.49949999999999994,"['GCCGGAAAGGCA-C-120-2-0', 'CGGGATATCTAC-C-120-2-0', 'GCTTATGGTTCG-PI48CIRC-1-4', 'CCTCCGGAATGT-PI24CIRC-1-4', 'CGAGCTTGCAAC-C-120-2-0', 'TGTTAGGTTGGC-PI48CIRC-1-4', 'CACCCGGTTGGT-PI48CIRC-2-4', 'CTTCGACTTTCG-PI24CIRC-1-2', 'CAGTGTCAGATA-PI48CIRC-1-4', 'ATTACCGTGACA-PI48CIRC-3-0', 'ATAACCAAACAA-PI48CIRC-1-4', 'TGATGCTCAACA-PI48CIRC-3-1', 'TAACTACGCCGG-PI48CIRC-2-4', 'CCTCAACCGTGT-PI48CIRC-1-4', 'AACGGTCATCGT-PI48CIRC-3-1', 'ACGATCGAGGAT-PI48CIRC-3-4', 'TAGCTTCGCTGT-PI48CIRC-2-0', 'TGCGAGACGCCT-PI48CIRC-3-4', 'TTGCAGCAAGAG-PI48CIRC-2-1', 'TGTGTGCTTGGT-PI48CIRC-2-4', 'ACACGCCCCAAT-PI48CIRC-3-4']","['PH', 'PH', 'CC', 'CC', 'PH', 'CC', 'CC', 'GST-rich', 'CC', 'PH', 'CC', 'LM', 'CC', 'CC', 'LM', 'CC', 'PH', 'CC', 'LM', 'CC', 'CC']","[np.float64(496.5113699188861), np.float64(517.3333148437662), np.float64(579.5094848169242), np.float64(585.3296507994219), np.float64(600.6607062822692), np.float64(602.1861848062694), np.float64(608.3860863302078), np.float64(623.1116009616932), np.float64(623.1770702516336), np.float64(624.6552549739846), np.float64(645.5885790021063), np.float64(654.5167672282954), np.float64(677.4906834139437), np.float64(692.5306199239209), np.float64(692.7407729319067), np.float64(696.8478069045599), np.float64(725.305690287818), np.float64(742.8106001635566), np.float64(743.4168682903048), np.float64(747.8850409796344), np.float64(754.101936799184)]"
S2DOX221117-3,CC,0.5714285714285714,0.49949999999999994,"['GCCGGAAAGGCA-C-120-2-0', 'CGGGATATCTAC-C-120-2-0', 'GCTTATGGTTCG-PI48CIRC-1-4', 'CCTCCGGAATGT-PI24CIRC-1-4', 'CGAGCTTGCAAC-C-120-2-0', 'TGTTAGGTTGGC-PI48CIRC-1-4', 'CACCCGGTTGGT-PI48CIRC-2-4', 'CTTCGACTTTCG-PI24CIRC-1-2', 'CAGTGTCAGATA-PI48CIRC-1-4', 'ATTACCGTGACA-PI48CIRC-3-0', 'ATAACCAAACAA-PI48CIRC-1-4', 'TGATGCTCAACA-PI48CIRC-3-1', 'TAACTACGCCGG-PI48CIRC-2-4', 'CCTCAACCGTGT-PI48CIRC-1-4', 'AACGGTCATCGT-PI48CIRC-3-1', 'ACGATCGAGGAT-PI48CIRC-3-4', 'TAGCTTCGCTGT-PI48CIRC-2-0', 'TGCGAGACGCCT-PI48CIRC-3-4', 'TTGCAGCAAGAG-PI48CIRC-2-1', 'TGTGTGCTTGGT-PI48CIRC-2-4', 'ACACGCCCCAAT-PI48CIRC-3-4']","['PH', 'PH', 'CC', 'CC', 'PH', 'CC', 'CC', 'GST-rich', 'CC', 'PH', 'CC', 'LM', 'CC', 'CC', 'LM', 'CC', 'PH', 'CC', 'LM', 'CC', 'CC']","[np.float64(496.455047855339), np.float64(517.3421072329277), np.float64(579.4473687166562), np.float64(585.2763172173761), np.float64(600.626967700941), np.float64(602.0920377323688), np.float64(608.3047995487827), np.float64(623.0161862742855), np.float64(623.0737803103482), np.float64(624.5522031778282), np.float64(645.4618352908341), np.float64(654.4102855289655), np.float64(677.4087791560761), np.float64(692.4293088727117), np.float64(692.6243432118603), np.float64(696.7244759646667), np.float64(725.2457459864038), np.float64(742.7113101776056), np.float64(743.3496851067812), np.float64(747.7937157571579), np.float64(754.0002217334968)]"
S2DOX221117-4,CC,0.5714285714285714,0.49949999999999994,"['GCCGGAAAGGCA-C-120-2-0', 'CGGGATATCTAC-C-120-2-0', 'GCTTATGGTTCG-PI48CIRC-1-4', 'CCTCCGGAATGT-PI24CIRC-1-4', 'CGAGCTTGCAAC-C-120-2-0', 'TGTTAGGTTGGC-PI48CIRC-1-4', 'CACCCGGTTGGT-PI48CIRC-2-4', 'CTTCGACTTTCG-PI24CIRC-1-2', 'CAGTGTCAGATA-PI48CIRC-1-4', 'ATTACCGTGACA-PI48CIRC-3-0', 'ATAACCAAACAA-PI48CIRC-1-4', 'TGATGCTCAACA-PI48CIRC-3-1', 'TAACTACGCCGG-PI48CIRC-2-4', 'CCTCAACCGTGT-PI48CIRC-1-4', 'AACGGTCATCGT-PI48CIRC-3-1', 'ACGATCGAGGAT-PI48CIRC-3-4', 'TAGCTTCGCTGT-PI48CIRC-2-0', 'TGCGAGACGCCT-PI48CIRC-3-4', 'TTGCAGCAAGAG-PI48CIRC-2-1', 'TGTGTGCTTGGT-PI48CIRC-2-4', 'ACACGCCCCAAT-PI48CIRC-3-4']","['PH', 'PH', 'CC', 'CC', 'PH', 'CC', 'CC', 'GST-rich', 'CC', 'PH', 'CC', 'LM', 'CC', 'CC', 'LM', 'CC', 'PH', 'CC', 'LM', 'CC', 'CC']","[np.float64(496.4067424786883), np.float64(517.3806854681777), np.float64(579.2799389645178), np.float64(585.2179987085271), np.float64(600.637940570419), np.float64(601.9267950075294), np.float64(608.1679546091824), np.float64(622.8978971737656), np.float64(622.9326060166829), np.float64(624.4051627022508), np.float64(645.311537937808), np.float64(654.2394441043602), np.float64(677.24505137675), np.float64(692.2995103057353), np.float64(692.4702083870208), np.float64(696.6074454718124), np.float64(725.092969672209), np.float64(742.5789022601749), np.float64(743.21433599981), np.float64(747.6564310570451), np.float64(753.8922923121063)]"
S2DOX221117-5,CC,0.5714285714285714,0.49949999999999994,"['GCCGGAAAGGCA-C-120-2-0', 'CGGGATATCTAC-C-120-2-0', 'GCTTATGGTTCG-PI48CIRC-1-4', 'CCTCCGGAATGT-PI24CIRC-1-4', 'CGAGCTTGCAAC-C-120-2-0', 'TGTTAGGTTGGC-PI48CIRC-1-4', 'CACCCGGTTGGT-PI48CIRC-2-4', 'CTTCGACTTTCG-PI24CIRC-1-2', 'CAGTGTCAGATA-PI48CIRC-1-4', 'ATTACCGTGACA-PI48CIRC-3-0', 'ATAACCAAACAA-PI48CIRC-1-4', 'TGATGCTCAACA-PI48CIRC-3-1', 'TAACTACGCCGG-PI48CIRC-2-4', 'CCTCAACCGTGT-PI48CIRC-1-4', 'AACGGTCATCGT-PI48CIRC-3-1', 'ACGATCGAGGAT-PI48CIRC-3-4', 'TAGCTTCGCTGT-PI48CIRC-2-0', 'TGCGAGACGCCT-PI48CIRC-3-4', 'TTGCAGCAAGAG-PI48CIRC-2-1', 'TGTGTGCTTGGT-PI48CIRC-2-4', 'ACACGCCCCAAT-PI48CIRC-3-4']","['PH', 'PH', 'CC', 'CC', 'PH', 'CC', 'CC', 'GST-rich', 'CC', 'PH', 'CC', 'LM', 'CC', 'CC', 'LM', 'CC', 'PH', 'CC', 'LM', 'CC', 'CC']","[np.float64(496.4477335113636), np.float64(517.383487786648), np.float64(579.3088939955369), np.float64(585.1820372776963), np.float64(600.649660366943), np.float64(601.9645380851636), np.float64(608.1844983745312), np.float64(622.9281339170475), np.float64(622.9728898016639), np.float64(624.4569169711802), np.float64(645.3639795611), np.float64(654.2606775320352), np.float64(677.2920909764204), np.float64(692.3059909281056), np.float64(692.4834953814236), np.float64(696.5934819548861), np.float64(725.1232436606762), np.float64(742.5779775952849), np.float64(743.2596128293053), np.float64(747.6894097046688), np.float64(753.878500733211)]"
S2DOX221117-6,CC,0.5714285714285714,0.49949999999999994,"['GCCGGAAAGGCA-C-120-2-0', 'CGGGATATCTAC-C-120-2-0', 'GCTTATGGTTCG-PI48CIRC-1-4', 'CCTCCGGAATGT-PI24CIRC-1-4', 'CGAGCTTGCAAC-C-120-2-0', 'TGTTAGGTTGGC-PI48CIRC-1-4', 'CACCCGGTTGGT-PI48CIRC-2-4', 'CTTCGACTTTCG-PI24CIRC-1-2', 'CAGTGTCAGATA-PI48CIRC-1-4', 'ATTACCGTGACA-PI48CIRC-3-0', 'ATAACCAAACAA-PI48CIRC-1-4', 'TGATGCTCAACA-PI48CIRC-3-1', 'TAACTACGCCGG-PI48CIRC-2-4', 'CCTCAACCGTGT-PI48CIRC-1-4', 'AACGGTCATCGT-PI48CIRC-3-1', 'ACGATCGAGGAT-PI48CIRC-3-4', 'TAGCTTCGCTGT-PI48CIRC-2-0', 'TGCGAGACGCCT-PI48CIRC-3-4', 'TTGCAGCAAGAG-PI48CIRC-2-1', 'TGTGTGCTTGGT-PI48CIRC-2-4', 'ACACGCCCCAAT-PI48CIRC-3-4']","['PH', 'PH', 'CC', 'CC', 'PH', 'CC', 'CC', 'GST-rich', 'CC', 'PH', 'CC', 'LM', 'CC', 'CC', 'LM', 'CC', 'PH', 'CC', 'LM', 'CC', 'CC']","[np.float64(496.42149030874396), np.float64(517.3993705412166), np.float64(579.3151696554899), np.float64(585.1744522300693), np.float64(600.6165407440737), np.float64(601.9615220764289), np.float64(608.2100211985372), np.float64(622.8787902406045), np.float64(622.9620465147995), np.float64(624.4457027438382), np.float64(645.326227549178), np.float64(654.2358276559802), np.float64(677.2659148687553), np.float64(692.2899098651445), np.float64(692.4814813852455), np.float64(696.57450855535), np.float64(725.1421973845966), np.float64(742.5676885549076), np.float64(743.2558379763868), np.float64(747.6729007936942), np.float64(753.8773271721794)]"
S2wMel221117-1,CC,0.5714285714285714,0.49949999999999994,"['GCCGGAAAGGCA-C-120-2-0', 'CGGGATATCTAC-C-120-2-0', 'GCTTATGGTTCG-PI48CIRC-1-4', 'CCTCCGGAATGT-PI24CIRC-1-4', 'CGAGCTTGCAAC-C-120-2-0', 'TGTTAGGTTGGC-PI48CIRC-1-4', 'CACCCGGTTGGT-PI48CIRC-2-4', 'CTTCGACTTTCG-PI24CIRC-1-2', 'CAGTGTCAGATA-PI48CIRC-1-4', 'ATTACCGTGACA-PI48CIRC-3-0', 'ATAACCAAACAA-PI48CIRC-1-4', 'TGATGCTCAACA-PI48CIRC-3-1', 'TAACTACGCCGG-PI48CIRC-2-4', 'CCTCAACCGTGT-PI48CIRC-1-4', 'AACGGTCATCGT-PI48CIRC-3-1', 'ACGATCGAGGAT-PI48CIRC-3-4', 'TAGCTTCGCTGT-PI48CIRC-2-0', 'TGCGAGACGCCT-PI48CIRC-3-4', 'TTGCAGCAAGAG-PI48CIRC-2-1', 'TGTGTGCTTGGT-PI48CIRC-2-4', 'ACACGCCCCAAT-PI48CIRC-3-4']","['PH', 'PH', 'CC', 'CC', 'PH', 'CC', 'CC', 'GST-rich', 'CC', 'PH', 'CC', 'LM', 'CC', 'CC', 'LM', 'CC', 'PH', 'CC', 'LM', 'CC', 'CC']","[np.float64(496.45366667822975), np.float64(517.158092804302), np.float64(579.1674938208831), np.float64(584.8219191463061), np.float64(600.7628101452484), np.float64(601.7101744768067), np.float64(608.0311309142797), np.float64(622.6968471491887), np.float64(622.810219111311), np.float64(624.6654504467182), np.float64(645.2676631500493), np.float64(654.3145159832677), np.float64(677.1691184233366), np.float64(692.4302733643683), np.float64(692.4714202143324), np.float64(696.709502343275), np.float64(725.0644389267575), np.float64(742.4996076788345), np.float64(743.3277009396172), np.float64(747.7864454009047), np.float64(753.8401057013962)]"
S2wMel221117-2,CC,0.5714285714285714,0.49949999999999994,"['GCCGGAAAGGCA-C-120-2-0', 'CGGGATATCTAC-C-120-2-0', 'GCTTATGGTTCG-PI48CIRC-1-4', 'CCTCCGGAATGT-PI24CIRC-1-4', 'CGAGCTTGCAAC-C-120-2-0', 'TGTTAGGTTGGC-PI48CIRC-1-4', 'CACCCGGTTGGT-PI48CIRC-2-4', 'CTTCGACTTTCG-PI24CIRC-1-2', 'CAGTGTCAGATA-PI48CIRC-1-4', 'ATTACCGTGACA-PI48CIRC-3-0', 'ATAACCAAACAA-PI48CIRC-1-4', 'TGATGCTCAACA-PI48CIRC-3-1', 'TAACTACGCCGG-PI48CIRC-2-4', 'CCTCAACCGTGT-PI48CIRC-1-4', 'AACGGTCATCGT-PI48CIRC-3-1', 'ACGATCGAGGAT-PI48CIRC-3-4', 'TAGCTTCGCTGT-PI48CIRC-2-0', 'TGCGAGACGCCT-PI48CIRC-3-4', 'TTGCAGCAAGAG-PI48CIRC-2-1', 'TGTGTGCTTGGT-PI48CIRC-2-4', 'ACACGCCCCAAT-PI48CIRC-3-4']","['PH', 'PH', 'CC', 'CC', 'PH', 'CC', 'CC', 'GST-rich', 'CC', 'PH', 'CC', 'LM', 'CC', 'CC', 'LM', 'CC', 'PH', 'CC', 'LM', 'CC', 'CC']","[np.float64(496.4116924589529), np.float64(517.1607676122134), np.float64(579.1784047496191), np.float64(584.8284102065066), np.float64(600.7639885747786), np.float64(601.7259767218405), np.float64(608.0645030947927), np.float64(622.7217209315245), np.float64(622.8220977467437), np.float64(624.6970763432792), np.float64(645.2822006998279), np.float64(654.3138917945155), np.float64(677.1741065782131), np.float64(692.4585159236027), np.float64(692.5114033350458), np.float64(696.7623058689314), np.float64(725.0972028359232), np.float64(742.5406363180416), np.float64(743.346677926898), np.float64(747.8279231605432), np.float64(753.9118856911172)]"
S2wMel221117-3,CC,0.5714285714285714,0.49949999999999994,"['GCCGGAAAGGCA-C-120-2-0', 'CGGGATATCTAC-C-120-2-0', 'GCTTATGGTTCG-PI48CIRC-1-4', 'CCTCCGGAATGT-PI24CIRC-1-4', 'CGAGCTTGCAAC-C-120-2-0', 'TGTTAGGTTGGC-PI48CIRC-1-4', 'CACCCGGTTGGT-PI48CIRC-2-4', 'CTTCGACTTTCG-PI24CIRC-1-2', 'CAGTGTCAGATA-PI48CIRC-1-4', 'ATTACCGTGACA-PI48CIRC-3-0', 'ATAACCAAACAA-PI48CIRC-1-4', 'TGATGCTCAACA-PI48CIRC-3-1', 'TAACTACGCCGG-PI48CIRC-2-4', 'CCTCAACCGTGT-PI48CIRC-1-4', 'AACGGTCATCGT-PI48CIRC-3-1', 'ACGATCGAGGAT-PI48CIRC-3-4', 'TAGCTTCGCTGT-PI48CIRC-2-0', 'TGCGAGACGCCT-PI48CIRC-3-4', 'TTGCAGCAAGAG-PI48CIRC-2-1', 'TGTGTGCTTGGT-PI48CIRC-2-4', 'ACACGCCCCAAT-PI48CIRC-3-4']","['PH', 'PH', 'CC', 'CC', 'PH', 'CC', 'CC', 'GST-rich', 'CC', 'PH', 'CC', 'LM', 'CC', 'CC', 'LM', 'CC', 'PH', 'CC', 'LM', 'CC', 'CC']","[np.float64(496.4276584645757), np.float64(517.1706551145631), np.float64(579.0863484724797), np.float64(584.8102601202717), np.float64(600.7595925438525), np.float64(601.6348538973831), np.float64(607.991969366133), np.float64(622.6357545952183), np.float64(622.7583549049536), np.float64(624.5919083349903), np.float64(645.1902923037749), np.float64(654.2151386604153), np.float64(677.0638962966966), np.float64(692.3714054885766), np.float64(692.4312834153284), np.float64(696.6706629387043), np.float64(724.9707383901562), np.float64(742.4614943245583), np.float64(743.2783523582387), np.float64(747.7010666917463), np.float64(753.7788925629175)]"
S2wMel221117-4,CC,0.5714285714285714,0.49949999999999994,"['GCCGGAAAGGCA-C-120-2-0', 'CGGGATATCTAC-C-120-2-0', 'GCTTATGGTTCG-PI48CIRC-1-4', 'CCTCCGGAATGT-PI24CIRC-1-4', 'CGAGCTTGCAAC-C-120-2-0', 'TGTTAGGTTGGC-PI48CIRC-1-4', 'CACCCGGTTGGT-PI48CIRC-2-4', 'CTTCGACTTTCG-PI24CIRC-1-2', 'CAGTGTCAGATA-PI48CIRC-1-4', 'ATTACCGTGACA-PI48CIRC-3-0', 'ATAACCAAACAA-PI48CIRC-1-4', 'TGATGCTCAACA-PI48CIRC-3-1', 'TAACTACGCCGG-PI48CIRC-2-4', 'CCTCAACCGTGT-PI48CIRC-1-4', 'AACGGTCATCGT-PI48CIRC-3-1', 'ACGATCGAGGAT-PI48CIRC-3-4', 'TAGCTTCGCTGT-PI48CIRC-2-0', 'TGCGAGACGCCT-PI48CIRC-3-4', 'TTGCAGCAAGAG-PI48CIRC-2-1', 'TGTGTGCTTGGT-PI48CIRC-2-4', 'ACACGCCCCAAT-PI48CIRC-3-4']","['PH', 'PH', 'CC', 'CC', 'PH', 'CC', 'CC', 'GST-rich', 'CC', 'PH', 'CC', 'LM', 'CC', 'CC', 'LM', 'CC', 'PH', 'CC', 'LM', 'CC', 'CC']","[np.float64(496.435266510427), np.float64(517.1775981187835), np.float64(579.1280043345781), np.float64(584.8330479903262), np.float64(600.77288950583), np.float64(601.653633265616), np.float64(608.0169083617187), np.float64(622.6775467685545), np.float64(622.7801889987066), np.float64(624.6124834277915), np.float64(645.2343118268333), np.float64(654.2744029812491), np.float64(677.1059703838816), np.float64(692.4034976087552), np.float64(692.4723749356986), np.float64(696.6999067912654), np.float64(725.0307661431177), np.float64(742.4858200124314), np.float64(743.2905780668473), np.float64(747.7380780347893), np.float64(753.8165940323745)]"
S2wMel221117-5,CC,0.5714285714285714,0.49949999999999994,"['GCCGGAAAGGCA-C-120-2-0', 'CGGGATATCTAC-C-120-2-0', 'GCTTATGGTTCG-PI48CIRC-1-4', 'CCTCCGGAATGT-PI24CIRC-1-4', 'CGAGCTTGCAAC-C-120-2-0', 'TGTTAGGTTGGC-PI48CIRC-1-4', 'CACCCGGTTGGT-PI48CIRC-2-4', 'CTTCGACTTTCG-PI24CIRC-1-2', 'CAGTGTCAGATA-PI48CIRC-1-4', 'ATTACCGTGACA-PI48CIRC-3-0', 'ATAACCAAACAA-PI48CIRC-1-4', 'TGATGCTCAACA-PI48CIRC-3-1', 'TAACTACGCCGG-PI48CIRC-2-4', 'CCTCAACCGTGT-PI48CIRC-1-4', 'AACGGTCATCGT-PI48CIRC-3-1', 'ACGATCGAGGAT-PI48CIRC-3-4', 'TAGCTTCGCTGT-PI48CIRC-2-0', 'TGCGAGACGCCT-PI48CIRC-3-4', 'TTGCAGCAAGAG-PI48CIRC-2-1', 'TGTGTGCTTGGT-PI48CIRC-2-4', 'ACACGCCCCAAT-PI48CIRC-3-4']","['PH', 'PH', 'CC', 'CC', 'PH', 'CC', 'CC', 'GST-rich', 'CC', 'PH', 'CC', 'LM', 'CC', 'CC', 'LM', 'CC', 'PH', 'CC', 'LM', 'CC', 'CC']","[np.float64(496.4423041199228), np.float64(517.1756323850184), np.float64(579.0094494789279), np.float64(584.7479275612327), np.float64(600.7604374387735), np.float64(601.5581742190544), np.float64(607.8825893795592), np.float64(622.5725890313172), np.float64(622.6962257511027), np.float64(624.5130617979936), np.float64(645.1605146935996), np.float64(654.1494035351619), np.float64(677.0218051791933), np.float64(692.2782112102043), np.float64(692.3077331530419), np.float64(696.5553498892775), np.float64(724.9250310966892), np.float64(742.3641332190265), np.float64(743.2032315316227), np.float64(747.6315697992201), np.float64(753.6560935481251)]"
S2wMel221117-6,CC,0.5714285714285714,0.49949999999999994,"['GCCGGAAAGGCA-C-120-2-0', 'CGGGATATCTAC-C-120-2-0', 'GCTTATGGTTCG-PI48CIRC-1-4', 'CCTCCGGAATGT-PI24CIRC-1-4', 'CGAGCTTGCAAC-C-120-2-0', 'TGTTAGGTTGGC-PI48CIRC-1-4', 'CACCCGGTTGGT-PI48CIRC-2-4', 'CTTCGACTTTCG-PI24CIRC-1-2', 'CAGTGTCAGATA-PI48CIRC-1-4', 'ATTACCGTGACA-PI48CIRC-3-0', 'ATAACCAAACAA-PI48CIRC-1-4', 'TGATGCTCAACA-PI48CIRC-3-1', 'TAACTACGCCGG-PI48CIRC-2-4', 'CCTCAACCGTGT-PI48CIRC-1-4', 'AACGGTCATCGT-PI48CIRC-3-1', 'ACGATCGAGGAT-PI48CIRC-3-4', 'TAGCTTCGCTGT-PI48CIRC-2-0', 'TGCGAGACGCCT-PI48CIRC-3-4', 'TTGCAGCAAGAG-PI48CIRC-2-1', 'TGTGTGCTTGGT-PI48CIRC-2-4', 'ACACGCCCCAAT-PI48CIRC-3-4']","['PH', 'PH', 'CC', 'CC', 'PH', 'CC', 'CC', 'GST-rich', 'CC', 'PH', 'CC', 'LM', 'CC', 'CC', 'LM', 'CC', 'PH', 'CC', 'LM', 'CC', 'CC']","[np.float64(496.44913883155516), np.float64(517.1743928232372), np.float64(579.194692234518), np.float64(584.8731671519338), np.float64(600.7991718847624), np.float64(601.7542322167344), np.float64(608.1005322919923), np.float64(622.7918567333141), np.float64(622.8676567924093), np.float64(624.7224909680351), np.float64(645.3563299767845), np.float64(654.3562743920454), np.float64(677.1774357471894), np.float64(692.5206538751147), np.float64(692.5597177067814), np.float64(696.8411613812925), np.float64(725.1227338515162), np.float64(742.5941893421582), np.float64(743.3881509604822), np.float64(747.848957533962), np.float64(753.9457885361078)]"
